{"two_opt": [[10, 1649094041.3388174], [12, 1649094041.3436832], [14, 1649094041.3489773], [16, 1649094041.3537145], [18, 1649094041.3587327], [20, 1649094041.3637958], [22, 1649094041.3692923], [24, 1649094041.3742354], [26, 1649094041.3791611], [28, 1649094041.3844984]], "k_random": [[10, 1649094041.3396587], [12, 1649094041.3449504], [14, 1649094041.3497276], [16, 1649094041.3547292], [18, 1649094041.3597915], [20, 1649094041.3652856], [22, 1649094041.3702784], [24, 1649094041.375181], [26, 1649094041.380468], [28, 1649094041.3858678]], "repetitive_closest_neighbour": [[10, 1649094041.3430634], [12, 1649094041.3483605], [14, 1649094041.35312], [16, 1649094041.3581324], [18, 1649094041.3631973], [20, 1649094041.3686805], [22, 1649094041.373638], [24, 1649094041.3785574], [26, 1649094041.3838484], [28, 1649094041.3892322]], "two_opt_and_repetitive_neighbour": [[10, 1649094041.343127], [12, 1649094041.3484237], [14, 1649094041.3531816], [16, 1649094041.3581955], [18, 1649094041.3632603], [20, 1649094041.3687437], [22, 1649094041.3737009], [24, 1649094041.3786204], [26, 1649094041.3839107], [28, 1649094041.389295]]}