{"30": 485.3483875896947, "31": 509.25518529827207, "32": 492.06339904868065, "33": 509.420770221984, "34": 494.1062136067661}