{"30": 482.4980852719979, "31": 482.8899514754163, "32": 498.0213552652408, "33": 500.42909161152056, "34": 520.8398379560215}