{"10": 291.2825653362271, "20": 374.48128285867404, "30": 472.32394080867715, "40": 548.9642592907455, "50": 601.744743476442, "60": 649.7368850175407, "70": 714.3476371791464, "80": 758.5710338611266, "90": 865.8065061874815}