{"30": 510.78324454116466, "31": 486.5665434957135, "32": 492.847540263478, "33": 503.87565477419065, "34": 504.9181734915217}