{"10": 269.1654097941738, "20": 408.9899830874645, "30": 448.9176170357938, "40": 566.1960313608658, "50": 590.3866993621684, "60": 655.9108824424003, "70": 697.1009347920751, "80": 737.4840120439657, "90": 799.5554077563108}