{"30": 490.3967860140805, "31": 488.5311320597848, "32": 484.90048220980424, "33": 476.06997577764685, "34": 520.2237151585994}