{"30": 464.33045371412555, "31": 492.9014925663425, "32": 489.5621169991747, "33": 486.6156183048637, "34": 508.8704662476701}