{"30": 462.3755836394145, "31": 495.9227845944439, "32": 474.38264268953446, "33": 478.49328740218044, "34": 492.9773778356748}