{"10": 289.0720700396153, "20": 423.5399617217071, "30": 470.7237453987676, "40": 526.9604028447764, "50": 620.7258050013778, "60": 675.3925269012522, "70": 733.7894985974095, "80": 773.0887562679025, "90": 799.940953777221}